event,Stove
Dict,Vine
eventDict,StoveVine
_eventDict,_StoveVine
Re,Ox
Click,Paper
ReClick,OxPaper
Is,No
Finish,Branch
Daoshui,Slander
IsFinishDaoshui,NoBranchSlander
Sceen,Amuse
Effect,Handle
SceenEffect,AmuseHandle
Ribbon,Teacup
RibbonEffect,TeacupHandle
Water,Lower
WaterEffect,LowerHandle
Pingzi,Clause
Cell,Last
Btn,Off
PingziCellBtn,ClauseLastOff
Shui,Like
Color,Below
ShuiColor,LikeBelow
ShuiColor1,LikeBelow1
Shuifanguang,Undiscovered
ShuifanguangColor,UndiscoveredBelow
Obstacle,Squirrel
ObstacleColor,SquirrelBelow
Ques,Holm
Maek,Wide
ObstacleQuesMaek,SquirrelHolmWide
ObstacleEffect,SquirrelHandle
Plug,Clue
Line,Wife
WaterLine,LowerWife
Shuitop,Snippet
Fanguang,Musician
ShuitopFanguang,SnippetMusician
Material,Colonize
ShuitopMaterial,SnippetColonize
FanguangMaterial,MusicianColonize
Max,Wit
Volume,Attire
MaxVolume,WitAttire
Cur,Sad
CurVolume,SadAttire
CurColor,SadBelow
Number,Stress
ColorNumber,BelowStress
Init,Jade
Position,Appetite
InitPosition,JadeAppetite
Put,Sod
IsPut,NoSod
Dic,Gap
ColorDic,BelowGap
Image,Twice
Setting,Habitat
ImageSetting,TwiceHabitat
color,Stark
Data,Vole
colorData,StarkVole
Array,Maser
ColorArray,BelowMaser
Stack,Pique
ColorStack,BelowPique
IsFinish,NoBranch
Action,Firing
FinishAction,BranchFiring
Disable,Carcass
Prop,Oral
IsDisableProp,NoCarcassOral
Vase,Darn
Serial,Comedy
VaseSerial,DarnComedy
Guide,Offer
GuideData,OfferVole
GuideAction,OfferFiring
Remind,Infect
ActionRemindVase,FiringInfectDarn
Step,Find
ActionStep,FiringFind
Obstacle1,Squirrel1
Obstacle2,Squirrel2
Obstacle3,Squirrel3
ObstacleNumber,SquirrelStress
Reward,Module
Pos,Leg
RewardPos,ModuleLeg
Obj,Him
RewardObj,ModuleHim
Object,Compel
RewardObject,ModuleCompel
reward,Spinet
rewardNumber,SpinetStress
IsReward,NoModule
Use,Rim
IsUseRemind,NoRimInfect
Desc,Shop
Shop,Band
Tog,Hit
ShopTog,BandHit
Buy,Lip
Button,Corpse
BuyButton,LipCorpse
BGImage,BGTwice
Null,Aide
NullImage,AideTwice
Skin,Toss
Price,Daunt
SkinPrice,TossDaunt
Level,Valid
Text,Cart
LevelText,ValidCart
Select,Potion
Status,Abrupt
SelectStatus,PotionAbrupt
BuyStatus,LipAbrupt
NullStatus,AideAbrupt
LevelStatus,ValidAbrupt
Fx,Up
Shoplock,Handbook
Fx_Shoplock,Up_Handbook
ALLSkin,ALLToss
BuyAction,LipFiring
CurUseSkin,SadRimToss
ShopData,BandVole
Path,Cure
ColorImagePath,BelowTwiceCure
Tube,Clue
TubeImagePath,TubeTwiceCure
ImagePath,TwiceCure
ShopGuideAction,BandOfferFiring
IsClick,NoPaper
Need,Pant
Delete,Codify
NeedDelete,PantCodify
is,By
Test,Role
isTest,ByRole
Keys,Boil
Gradient,Tendency
Type,Care
GradientType,TendencyCare
Offset,Attire
Start,Cross
StartColor,CrossBelow
End,Fly
EndColor,FlyBelow
CHANNEL,CHANNEL
ID,ID
CHANNEL_ID,CHANNEL_ID
url,Lap
Scheme,Client
urlScheme,LapClient
Fly,Spy
Item,Good
FlyItem,SpyGood
Open,Fact
isOpenFly,ByFactSpy
left,Link
Or,So
Right,Comer
leftOrRight,LinkSoComer
Parent,Legacy
FlyParent,SpyLegacy
start,Honor
Time,Show
startOpenTime,HonorFactShow
_startOpenTime,_HonorFactShow
fly,Hub
Add,Key
flyAddTime,HubKeyShow
_flyAddTime,_HubKeyShow
obj,Era
Language,Designer
List,Hard
LanguageList,DesignerHard
SkinDic,TossGap
SkinList,TossHard
AddStack,KeyPique
Subtract,Silurian
SubtractStack,SilurianPique
StackShuiNumber,PiqueLikeStress
StackColorNumber,PiqueBelowStress
Exit,Fist
IsExit,NoFist
Prestore,Obedient
IsPrestore,NoObedient
PrestoreObj,ObedientHim
Index,Fresh
PrestoreVaseIndex,ObedientDarnFresh
PrestoreWaterColor,ObedientLowerBelow
PrestoreColorData,ObedientBelowVole
Ready,Tough
PrestoreReadyNumber,ObedientToughStress
PrestoreCurVolume,ObedientSadAttire
PrestoreInitPosition,ObedientJadeAppetite
PrestoreFinish,ObedientBranch
Un,To
PrestoreUnFinish,ObedientToBranch
PrestoreImageArray,ObedientTwiceMaser
PrestoreFanguangArray,ObedientMusicianMaser
Mark,Need
PrestoreQuesMark,ObedientHolmNeed
Top,Net
PrestoreTop,ObedientNet
Roll,Fore
Back,Hunt
PrestoreActionRollBackAdd,ObedientFiringForeHuntKey
PrestoreDaoshuiTopColor,ObedientSlanderNetBelow
Clear,Guard
PrestoreClearColorVolume,ObedientGuardBelowAttire
First,Truly
IsFirst,NoTruly
FirstObj,TrulyHim
FirstVaseIndex,TrulyDarnFresh
FirstWaterColor,TrulyLowerBelow
FirstColorData,TrulyBelowVole
FirstReadyNumber,TrulyToughStress
FirstCurVolume,TrulySadAttire
FirstInitPosition,TrulyJadeAppetite
FirstFinish,TrulyBranch
FirstUnFinish,TrulyToBranch
Angle,Badge
FirstImageArray,TrulyTwiceMaser
Fanguan,Orderly
FirstFanguanArray,TrulyOrderlyMaser
FirstQuesMark,TrulyHolmNeed
FirstTop,TrulyNet
FirstActionRollBackAdd,TrulyFiringForeHuntKey
FirstDaoshuiTopColor,TrulySlanderNetBelow
FirstClearColorVolume,TrulyGuardBelowAttire
Second,France
SecondTopEffect,FranceNetHandle
Not,Ape
Reader,Digest
FirstNotReaderNumber,TrulyApeDigestStress
Gui,Rim
CurGuiData,SadGuiVole
Mini,Acid
MiniType,AcidCare
Dic_Reward,Gap_Module
m,m
enable,Debtor
Middle,Cement
enableMiddle,DebtorCement
m_enableMiddle,m_DebtorCement
surpass,Forever
surpassLine,ForeverWife
m_surpassLine,m_ForeverWife
ready,Prone
target,Ornate
targetText,OrnateCart
Ground,Plover
BackGround,HuntPlover
Title,Sheep
TitleDesc,SheepShop
Center,Unload
CenterDesc,UnloadShop
Coin,Gene
CoinDesc,GeneShop
Close,Board
CloseBtn,BoardOff
Free,Husk
FreeBtn,HuskOff
CoinBtn,GeneOff
Popup,Sully
PopupNumber,SullyStress
BuyNumber,LipStress
FreeDesc,HuskShop
Icon,Pull
PopupIcon,SullyPull
CurCoinNumber,SadGeneStress
Expent,Coerce
CurExpent,SadCoerce
Num,Tie
PopupNum,SullyTie
Porp,Lure
PorpIcon,LurePull
Info,Heal
InfoText,HealCart
Quit,Safe
QuitBtn,SafeOff
Goto,Tear
GotoBtn,TearOff
Skip,Dire
SkipBtn,DireOff
ListArray,HardMaser
Fireworks,Prototype
Fx_Fireworks,Up_Prototype
Fx_Ribbon,Up_Teacup
Cat,Pay
Spine,Panic
Ani,Bus
CatSpineAni,PayPanicBus
Welldone,Occasion
WelldoneSpineAni,OccasionPanicBus
Show,Wrap
ShowList,WrapHard
Award,Dodge
CoinAward,GeneDodge
Diamond,Propose
DiamondAward,ProposeDodge
Claim,Adult
ClaimBtn,AdultOff
Light,Trunk
CoinLight,GeneTrunk
Mask,Fire
MaskIcon,FirePull
CoinIcon,GenePull
EndPos,FlyLeg
DiamondReward,ProposeModule
CoinReward,GeneModule
CoinObj,GeneHim
Slot,Warp
SlotBG,WarpBG
Reclik,Sodium
IsReclik,NoSodium
RewardNumber,ModuleStress
CoinRewardNumber,GeneModuleStress
CurFinishLevel,SadBranchValid
LevelList,ValidHard
Bout,Ever
Case,Teem
Enter,Avail
CaseEnter,TeemAvail
TopArray,NetMaser
BtnArray,OffMaser
Afresh,Appear
AddAfresh,KeyAppear
AddVase,KeyDarn
AddRemind,KeyInfect
AddRollBack,KeyForeHunt
SettingBtn,HabitatOff
FinishBtn,BranchOff
Fail,Silk
FailBtn,SilkOff
Turn,Plow
TurnBtn,PlowOff
Input,Dusty
Field,Later
InputField,DustyLater
Hand,Duck
Tip,Key
GuideTip,OfferTip
UseRollBackBtn,RimForeHuntOff
UseRemindBtn,RimInfectOff
UseVaseBtn,RimDarnOff
LevelDesc,ValidShop
VaseTip,DarnKey
VaseTipDesc,DarnKeyShop
RemindTip,InfectKey
RemindDesc,InfectShop
RollBackTip,ForeHuntKey
RollBackDesc,ForeHuntShop
PropMask,OralFire
Layout,Unfold
Scroll,Prison
View,Fuse
ScrollViewObj,PrisonFuseHim
Content,Migrant
ItemCell,GoodLast
Fx_Sceen,Up_Amuse
TurnIcon,PlowPull
RewardContent,ModuleMigrant
FX,FX
FX_Turn,FX_Plow
Turnicon,Indirect
TurniconStartPos,IndirectCrossLeg
Table,Hotel
Value,Grand
CurTurnTableValue,SadPlowHotelGrand
LevelObstacle,ValidSquirrel
Valid,Venom
ValidDic,VenomGap
VaseDic,DarnGap
CurLevelInfo,SadValidHeal
CurLevelID,SadValidID
FinishNumber,BranchStress
MaxFinishNumber,WitBranchStress
LevelFinish,ValidBranch
VasePropNumber,DarnOralStress
RemindPropNumber,InfectOralStress
Rollback,Stocking
RollbackPropNumber,StockingOralStress
NullPingziColor,AideClauseBelow
VaseMaxVolume,DarnWitAttire
CurGuideData,SadOfferVole
CurGuideStep,SadOfferFind
IsGuide,NoOffer
IsShopGuide,NoBandOffer
IsOpenMask,NoFactFire
Unlock,Indigo
ShopUnlock,BandIndigo
RewardVase,ModuleDarn
Base,Roar
Withdraw,Response
BaseEndUseWithdraw,RoarFlyRimResponse
Hint,Lily
BaseEndUseHint,RoarFlyRimLily
BaseEndUseAdd,RoarFlyRimKey
BaseEndTime,RoarFlyShow
BaseEndStep,RoarFlyFind
Pause,Panel
PauseEndTime,PanelFlyShow
Game,Bone
StartGame,CrossBone
EndGame,FlyBone
UseProp,RimOral
level,Bongo
levelInfo,BongoHeal
LevelSetting,ValidHabitat
LevelColor,ValidBelow
Wangzhuan,Encounter
Sequence,Medicine
WangzhuanSequence,EncounterMedicine
PropNumber,OralStress
IsFail,NoSilk
IsNullVase,NoAideDarn
RemindColor,InfectBelow
StartBtn,CrossOff
Adaptive,Radiator
AdaptiveObj,RadiatorHim
slider,Retain
sliderImage,RetainTwice
Progress,Specimen
ProgressText,SpecimenCart
Loading,Hectare
Items,Wheel
LoadingItems,HectareWheel
Yes,Ago
No,Ax
Confrim,Caliber
AwardDesc,DodgeShop
Diamand,Abreast
Get,Rim
rewardValue,SpinetGrand
rewardData,SpinetVole
_rewardData,_SpinetVole
Stars,Setup
star,Neon
Sprite,Cobalt
star1Sprite,Neon1Cobalt
star2Sprite,Neon2Cobalt
Version,Primacy
Sound,Organ
Music,Realm
Vibra,Title
VibraBtn,TitleOff
LanguageBtn,DesignerOff
ShopBtn,BandOff
Go,So
Home,Buck
GoHomeBtn,GoBuckOff
Rate,Load
RateBtn,LoadOff
Privacy,Printer
Sub,Gel
UnSubBtn,ToGelOff
Debug,Roost
DebugNumber,RoostStress
ListBtn,HardOff
PrivacyURL,PrinterURL
CoinNumber,GeneStress
ShopObj,BandHim
Group,Bench
ColorGroup,BelowBench
ColorScroll,BelowPrison
ColorContent,BelowMigrant
TubeGroup,ClueBench
TubeScroll,CluePrison
TubeContent,ClueMigrant
ColorTog,BelowHit
TubeTog,ClueHit
ShopList,BandHard
InitGroup,JadeBench
template,Starfish
Multi,Mouth
templateMultiObjectList,StarfishMouthCompelHard
templateMultiObject,StarfishMouthCompel
item,Next
Width,Utter
itemWidth,NextUtter
big,Now
Wheel,Arrow
bigWheelItem,NowArrowGood
small,Title
smallWheelItem,smallArrowGood
smallWheel,TitleArrow
bigWheel,NowArrow
pointer,Fertile
spin,Lowa
spinButton,LowaCorpse
TurnAni,PlowBus
Fx_TurnAni,Up_PlowBus
curve,Pound
Fx_Light_1,Up_Trunk_1
Fx_Light_2,Up_Trunk_2
bigItemList,NowGoodHard
isInit,ByJade
Audio,Filmy
Mgr,War
AudioMgr,FilmyWar
Component,Democracy
Queue,Modus
AudioComponentQueue,FilmyDemocracyModus
Count,Creep
MaxCount,WitCreep
AudioQueue,FilmyModus
bg,Dy
bgMusic,DyRealm
m_bgMusic,m_DyRealm
Play,Bode
Source,Eyelid
PlayAudioSourceList,BodeFilmyEyelidHard
Check,Creep
Interval,Emission
CheckInterval,CheckEmission
Bg,It
Switch,Endure
BgMusicSwitch,ItRealmEndure
_BgMusicSwitch,_ItRealmEndure
EffectMusicSwitch,HandleRealmEndure
_EffectMusicSwitch,_HandleRealmEndure
BgVolume,ItAttire
_BgVolume,_ItAttire
EffectVolume,HandleAttire
_EffectVolume,_HandleAttire
BGM,BGM
Name,Tale
BGM_Name,BGM_Tale
AudioSettingDict,FilmyHabitatVine
Round,Karst
Digits,Extent
RoundDigits,KarstExtent
frames,Teapot
framerate,Crossbill
ignore,Detail
Scale,Alloy
ignoreTimeScale,DetailShowAlloy
loop,Soft
image,Tread
sprite,Gaslit
Renderer,Sailfish
spriteRenderer,GaslitSailfish
current,Hexagon
Frame,Comic
currentFrameIndex,HexagonComicFresh
timer,Rough
Framerate,Intensify
currentFramerate,HexagonIntensify
Target,Reason
Target_Type,Reason_Care
Layout_Type,Unfold_Care
Run,Hem
Run_Time,Hem_Show
Layout_Number,Unfold_Stress
adjust,Trader
adjustID,TraderID
sv,Dy
Just,Rear
ADJustInitType,ADRearJadeCare
sv_ADJustInitType,sv_ADRearJadeCare
ADJustTime,ADRearShow
sv_ADJustTime,Dy_ADRearShow
Ad,Me
Revenue,Vibrant
adjustInitAdRevenue,TraderJadeMeVibrant
MAX,MAX
SDK,SDK
KEY,KEY
MAX_SDK_KEY,MAX_SDK_KEY
REWARD,REWARD
MAX_REWARD_ID,MAX_REWARD_ID
INTER,INTER
MAX_INTER_ID,MAX_INTER_ID
retry,Alien
Attempt,Workday
retryAttempt,AlienWorkday
Showing,Council
isShowingAd,ByCouncilMe
Network,Unknown
rewardNetworkName,SpinetUnknownTale
Call,Germ
rewardCallBackAction,SpinetGermHuntFiring
Success,Nouveau
rewardSuccess,SpinetNouveau
rewardIndex,SpinetFresh
interstitial,Tessellation
interstitialNetworkName,TessellationUnknownTale
interstitialType,TessellationCare
interstitialIndex,TessellationFresh
ad,Of
Playing,Gingham
Callbacks,Gibraltar
adPlayingCallbacks,OfGinghamGibraltar
application,Subtractive
Timestamp,Viewpoint
applicationPauseTimestamp,SubtractivePanelViewpoint
Custom,Oliver
RewardAdCustomData,ModuleMeOliverVole
Interstitial,Imprisonment
InterstitialAdCustomData,ImprisonmentMeOliverVole
dictionary,Perceptual
Message,Blanket
dictionaryMessage,PerceptualBlanket
value,Giant
Bool,Heed
valueBool,GiantHeed
valueBool2,GiantHeed2
Int,Dot
valueInt,GiantDot
valueInt2,GiantDot2
valueInt3,GiantDot3
Float,Hinge
valueFloat,GiantHinge
valueFloat2,GiantHinge2
Double,Twelve
valueDouble,GiantTwelve
valueDouble2,GiantTwelve2
String,Syntax
valueString,GiantSyntax
valueString2,GiantSyntax2
valueGameObject,GiantBoneCompel
valueGameObject2,GiantBoneCompel2
valueGameObject3,GiantBoneCompel3
valueGameObject4,GiantBoneCompel4
Transform,Intensely
valueTransform,GiantIntensely
valueStringList,GiantSyntaxHard
Vec,Nor
valueVec,GiantNor
valueVec2List,GiantNor2Hard
valueIntList,GiantDotHard
message,Ability
messageCallBack,AbilityGermHunt
vec,Bis
vec2_1,Bis2_1
vec2_2,Bis2_2
Login,Adapt
Url,Mar
LoginUrl,AdaptMar
Config,Ramble
ConfigUrl,RambleMar
TimeUrl,ShowMar
Adjust,Common
AdjustUrl,CommonMar
Local,Enjoy
User,Tent
Id,No
LocalUserId,EnjoyTentId
sv_LocalUserId,Dy_EnjoyTentId
Server,Wander
LocalServerId,EnjoyWanderNo
sv_LocalServerId,Dy_EnjoyWanderNo
New,Map
Player,Spiral
IsNewPlayer,NoMapSpiral
sv_IsNewPlayer,Dy_NoMapSpiral
Daily,Study
Bouns,Price
DailyBounsGetCount,StudyPriceRimCreep
sv_DailyBounsGetCount,Dy_StudyPriceRimCreep
Date,Cure
DailyBounsDate,StudyPriceDate
sv_DailyBounsDate,Dy_StudyPriceDate
NewUserStep,MapTentFind
sv_NewUserStep,Dy_MapTentFind
Gold,Care
GoldCoin,GoldGene
sv_GoldCoin,Dy_GoldGene
Cumulative,Revolution
CumulativeGoldCoin,RevolutionCareGene
sv_CumulativeGoldCoin,Dy_RevolutionCareGene
Token,Hyper
sv_Token,Dy_Hyper
CumulativeToken,RevolutionHyper
sv_CumulativeToken,Dy_RevolutionHyper
Amazon,Height
sv_Amazon,Dy_Height
CumulativeAmazon,RevolutionHeight
sv_CumulativeAmazon,Dy_RevolutionHeight
Total,Split
TotalGameTime,SplitBoneShow
sv_TotalGameTime,Dy_SplitBoneShow
FirstGetToken,TrulyRimHyper
sv_FirstGetToken,Dy_TrulyRimHyper
Has,Die
Panel,Towel
HasShowRatePanel,DieWrapLoadTowel
sv_HasShowRatePanel,Dy_DieWrapLoadTowel
Lottery,Flipper
CumulativeLottery,RevolutionFlipper
sv_CumulativeLottery,Dy_RevolutionFlipper
Already,Soloist
Pass,Pump
Levels,Mental
AlreadyPassLevels,SoloistPumpMental
sv_AlreadyPassLevels,Dy_SoloistPumpMental
NewUserStepFinish,MapTentFindBranch
sv_NewUserStepFinish,Dy_MapTentFindBranch
task,Ring
count,Plank
sv_task_level_count,Dy_Ring_Bongo_Plank
FirstSlot,TrulyWarp
sv_FirstSlot,Dy_TrulyWarp
Adid,Flat
AdjustAdid,CommonFlat
sv_AdjustAdid,Dy_CommonFlat
trial,Crane
num,Mob
sv_ad_trial_num,Dy_Of_Crane_Mob
total,Roman
sv_total_ad_num,Dy_Roman_Of_Mob
sys,Her
language,Evidence
sys_language,Her_Evidence
Save,Town
SaveLevel,TownValid
SaveObstacleLevel,TownSquirrelValid
SaveLevelBout,TownValidEver
SaveCurSkin,TownSadToss
All,Lop
SaveAllColorSkin,TownLopBelowToss
SaveAllVaseSkin,TownLopDarnToss
SaveVaseSkin,TownDarnToss
SaveCoinNumber,TownGeneStress
SaveVaseProp,TownDarnOral
SaveRemindProp,TownInfectOral
SaveRollbackProp,TownStockingOral
Lock,Erie
SaveUnLockShop,TownToErieBand
Vibration,Diffusely
SaveVibration,TownDiffusely
SaveSound,TownOrgan
SaveMusic,TownRealm
SaveLanguage,TownDesigner
Weight,Spiral
FinishWeightLevel,BranchWeightValid
mg,To
Window,Infect
WindowOpen,WindowFact
mg_WindowOpen,mg_WindowFact
WindowClose,InfectBoard
mg_WindowClose,To_InfectBoard
ui,ID
levelcomplete,Receptiveness
mg_ui_levelcomplete,To_ui_Receptiveness
addgold,Breadth
mg_ui_addgold,To_ID_Breadth
addtoken,Observer
mg_ui_addtoken,To_ID_Observer
addamazon,Efficient
mg_ui_addamazon,To_ID_Efficient
Suspend,Revolve
GameSuspend,BoneRevolve
mg_GameSuspend,To_BoneRevolve
Change,Facial
ItemChange,GoodFacial
mg_ItemChange_,To_GoodFacial_
Activity,Boundary
State,Honey
ActivityStateChange,BoundaryHoneyFacial
mg_ActivityStateChange_,To_BoundaryHoneyFacial_
LevelMaxLevelChange,ValidWitValidFacial
mg_LevelMaxLevelChange,To_ValidWitValidFacial
path,Hone
path_GoldCoin_Sprite,Hone_GoldGene_Cobalt
Dimond,Anyway
path_Token_Sprite_Dimond,Hone_Hyper_Cobalt_Anyway
TIMEOUT,TIMEOUT
BaseUrl,RoarMar
BaseLoginUrl,RoarAdaptMar
BaseConfigUrl,RoarRambleMar
BaseTimeUrl,RoarShowMar
BaseAdjustUrl,RoarCommonMar
Code,Luce
GameCode,BoneLuce
Channel,Subsidy
country,Kingdom
ConfigData,RambleVole
InitData,JadeVole
GameData,BoneVole
LevelConfigData,ValidRambleVole
Manager,Benefit
adManager,OfBenefit
gaid,Afar
aid,Mar
idfa,Head
From,Lift
DataFrom,VoleLift
ready_count,Prone_Plank
Block,Stilt
Rule,Putt
BlockRule,StiltPutt
Cash,Woad
Out,How
CashOut,WoadHow
CashOut_Data,WoadHow_Vole
Str,Fan
UserDataStr,TentVoleFan
UserData,TentVole
GetUserInfoCount,RimTentHealCreep
text,Ware
GetSuccess,RimNouveau
GetFail,RimSilk
DEFAULT,DEFAULT
DEFAULT_TIMEOUT,DEFAULT_TIMEOUT
RETRY,RETRY
COUNT,COUNT
MAX_RETRY_COUNT,MAX_RETRY_COUNT
INTERVAL,INTERVAL
RETRY_INTERVAL,RETRY_INTERVAL
request,Cadmium
Tasks,Party
requestTasks,CadmiumParty
Net,Flu
Work,Onto
NetWorkGetList,FluOntoRimHard
Post,Mill
NetWorkPostList,FluOntoMillHard
URL,URL
Form,Fend
PostSuccess,MillNouveau
PostFail,MillSilk
targetImage,OrnateTwice
corners,Synonym
targetOffsetX,OrnateAttireX
targetOffsetY,OrnateAttireY
material,Pristine
currentOffsetX,HexagonAttireX
currentOffsetY,HexagonAttireY
shrink,Format
shrinkTime,FormatShow
Penetrate,Surrender
eventPenetrate,StoveSurrender
targetWidth,OrnateUtter
Height,Useful
targetHeight,OrnateUseful
Velocity,Obstacle
shrinkVelocityX,FormatObstacleX
shrinkVelocityY,FormatObstacleY
center,Career
Pool,Wren
PoolQueue,WrenModus
m_PoolQueue,m_WrenModus
PoolName,WrenTale
m_PoolName,m_WrenTale
m_Parent,m_Legacy
prefab,Design
m_MaxCount,m_WitCreep
Default,Sharply
DefaultMaxCount,SharplyWitCreep
m_DefaultMaxCount,m_SharplyWitCreep
PoolDic,WrenGap
m_PoolDic,m_WrenGap
Root,Envy
RootTransform,EnvyIntensely
m_RootTransform,m_EnvyIntensely
Toast,Truth
ToastText,TruthCart
need,Lash
Refresh,Reelect
needStartRefresh,LashCrossReelect
Tracker,Unhappy
TrackerName,UnhappyTale
Adjust_TrackerName,Common_UnhappyTale
AP,AP
Save_AP,Town_AP
Normal,Spring
Mode,Fist
NormalModeName,SpringModeTale
Distances,Supervise
Reason,Punish
Log,Mob
StepLog,FindLog
NumText,TieCart
Clock,Virus
ClockText,VirusCart
Pointer,Outwork
countdown,Continuum
CloseButton,BoardCorpse
AdjustAdidText,CommonFlatCart
ServerIdText,WanderNoCart
Act,Leo
Counter,Booklet
ActCounterText,LeoBookletCart
AdjustTypeText,CommonCareCart
Reset,Waste
ResetActCountButton,WasteLeoCreepCorpse
AddActCountButton,KeyLeoCreepCorpse
Last,Data
LastPlayTimeCounterText,DataBodeShowBookletCart
Counter101Text,Booklet101Cart
Counter102Text,Booklet102Cart
Counter103Text,Booklet103Cart
Trial,Taint
TrialNumText,TaintTieCart
Rewarded,Saturate
PlayRewardedAdButton,BodeSaturateMeCorpse
PlayInterstitialAdButton,BodeImprisonmentMeCorpse
Thanks,Freely
NoThanksButton,AxFreelyCorpse
TrialNumButton,TaintTieCorpse
TimeInterstitialText,ShowImprisonmentCart
PauseTimeInterstitialButton,PanelShowImprisonmentCorpse
Resume,Narrow
ResumeTimeInterstitialButton,NarrowShowImprisonmentCorpse
msgs,Tuck
id,Ox
level_id,Bongo_id
withdraw,Solitude
nums,Heal
withdraw_nums,Solitude_nums
hint,Berg
hint_nums,Berg_Heal
add,Rib
add_nums,Rib_Heal
result,Danger
level_result,Bongo_Danger
use,Fee
use_withdraw_nums,Fee_Solitude_Heal
use_hint_nums,Fee_Berg_Heal
use_add_nums,Fee_Rib_Heal
time,Lush
step,Mate
amount,Arouse
way,Inn
scene,Index
RefreshPingziColor,ReelectClauseBelow
Video,Prowl
FailVideoAward,SilkProwlDodge
AddPopup,KeySully
DisableProp,CarcassOral
UseRemindProp,RimInfectOral
LevelGuide,ValidOffer
RefreshLanguage,ReelectDesigner
CloseHomeEffect,BoardBuckHandle
Create,Stitch
CreatePingziFinish,StitchClauseBranch
RefreshRemind,ReelectInfect
CreateReward,StitchModule
RefreshRewardPos,ReelectModuleLeg
constant,Thirteen
shop,Work
Rv,Go
config,Sewage
Rv_config,Go_Sewage
Int_config,Dot_Sewage
cd,Dy
Int_cd,Dot_cd
back,Sear
Int_back_cd,Dot_Sear_Dy
Win,All
coins,Grope
Win_coins,All_Grope
Win_ad_coins,All_Of_Grope
Unclock,Factory
lv,Of
Unclock_shop_lv,Factory_Work_lv
Withdrawn,Structure
Withdrawn_nums,Structure_Heal
Hint_nums,Lily_Heal
bottles,Remnant
Add_bottles_nums,Key_Remnant_Heal
Withdrawn_ad_nums,Structure_Of_Heal
Hint_ad_nums,Lily_Of_Heal
bottles_ad_nums,Remnant_Of_Heal
price,Cheep
Withdrawn_price,Structure_Cheep
Hint_price,Lily_Cheep
Bottles,Elusive
Bottles_price,Elusive_Cheep
Policy,Demand
Privacy_Policy,Printer_Demand
Us,At
Rate_Us,Load_At
Initial,Species
coin,Arch
Initial_coin,Species_Arch
Rateconfig,Continuous
GuideVaseID,OfferDarnID
GuideDic,OfferGap
rateconfig,Housewares
initial,However
initial_coin,However_Arch
contact,Destine
us,To
contact_us,Destine_us
privacy,Country
policy,Butter
privacy_policy,Country_Butter
hint_price,Berg_Cheep
bottles_price,Remnant_Cheep
withdrawn,Potential
withdrawn_price,Potential_Cheep
win,Foe
win_ad_coins,Foe_Of_Grope
win_coins,Foe_Grope
rv,He
rv_config,He_Sewage
gameconfigtest,Attractiveness
Json,Deep
JsonList,DeepHard
App,Bus
AppSetting,AppHabitat
_AppSetting,_AppHabitat
SYS,SYS
PATH,PATH
CANVAS,CANVAS
SYS_PATH_CANVAS,SYS_PATH_CANVAS
UIFORMS,UIFORMS
CONFIG,CONFIG
INFO,INFO
SYS_PATH_UIFORMS_CONFIG_INFO,SYS_PATH_UIFORMS_CONFIG_INFO
TAG,TAG
SYS_TAG_CANVAS,SYS_TAG_CANVAS
NORMAL,NORMAL
NODE,NODE
SYS_NORMAL_NODE,SYS_NORMAL_NODE
FIXED,FIXED
SYS_FIXED_NODE,SYS_FIXED_NODE
POPUP,POPUP
SYS_POPUP_NODE,SYS_POPUP_NODE
TOP,TOP
SYS_TOP_NODE,SYS_TOP_NODE
SCRIPTMANAGER,SCRIPTMANAGER
SYS_SCRIPTMANAGER_NODE,SYS_SCRIPTMANAGER_NODE
UICAMERA,UICAMERA
SYS_UICAMERA_NODE,SYS_UICAMERA_NODE
on,By
onClick,onPaper
Down,Leap
onDown,ByLeap
onEnter,ByAvail
onExit,ByFist
Up,Me
onUp,ByUp
onSelect,ByPotion
Update,Canada
onUpdateSelect,ByCanadaPotion
dic,Fox
Messages,Sequence
dicMessages,FoxSequence
_dicMessages,_FoxSequence
Key,Fit
_Key,_Fit
Values,Humble
_Values,_Humble
Instance,Indicate
_Instance,_Indicate
ht,Up
Canvas,Pillow
GoCanvasRoot,SoPillowEnvy
_GoCanvasRoot,_SoPillowEnvy
Tra,Spy
Scripts,Replant
Node,Moss
TraUIScriptsNode,TraUIReplantMoss
_TraUIScriptsNode,_TraUIReplantMoss
To,Or
GoToPanel,SoOrTowel
_GoToPanel,_SoOrTowel
GoMaskPanel,SoFireTowel
_GoMaskPanel,_SoFireTowel
Camera,Rotary
UICamera,UIRotary
_UICamera,_UIRotary
Original,Forester
Depth,Relay
OriginalUICameraDepth,ForesterUIRotaryRelay
_OriginalUICameraDepth,_ForesterUIRotaryRelay
Instatnce,Intricate
_Instatnce,_Intricate
Lauguage,Brewster
Cache,Ratio
DicLauguageCache,GapBrewsterRatio
_DicLauguageCache,_GapBrewsterRatio
Current,Defense
CurrentUIType,DefenseUICare
_CurrentUIType,_DefenseUICare
close,Swing
button,Mainly
close_button,Swing_Mainly
Main,Flax
MainCanvas,FlaxPillow
Forms,Light
Paths,Trunk
DicFormsPaths,GapLightPaths
_DicFormsPaths,_GapLightPaths
DicALLUIForms,GapALLUILight
_DicALLUIForms,_GapALLUILight
Sta,Gap
StaCurrentUIForms,StaDefenseUILight
_StaCurrentUIForms,_StaDefenseUILight
DicCurrentShowUIForms,GapDefenseWrapUILight
_DicCurrentShowUIForms,_GapDefenseWrapUILight
Wait,Salt
WaitUIForms,SaltUILight
_WaitUIForms,_SaltUILight
Transfrom,Eukaryote
TraCanvasTransfrom,SpyPillowEukaryote
_TraCanvasTransfrom,_SpyPillowEukaryote
TraNormal,SpySpring
_TraNormal,_SpySpring
Fixed,Treat
TraFixed,SpyTreat
_TraFixed,_SpyTreat
Pop,Hem
TraPopUp,SpyPopMe
_TraPopUp,_SpyPopMe
_Top,_Net
TraUIScripts,SpyUIReplant
_TraUIScripts,_SpyUIReplant
TraUICamera,SpyUIRotary
_TraUICamera,_SpyUIRotary
PanelName,TowelTale
PanelNameList,TowelTaleHard
uiFormName,IDFendTale
Params,Triple
uiFormParams,IDFendTriple
Reverse,Sharper
IsClearReverseChange,NoGuardSharperFacial
spacing,Creator
Safe,Horn
Area,Grow
LastSafeArea,DataHornGrow
ProgressImage,SpecimenTwice
Tab,Ala
TabName,AlaTale
panel,Gland
tab,Owe
tabButton,OweCorpse
Active,Warmth
ActiveIcon,WarmthPull
Inactive,Suitably
InactiveIcon,SuitablyPull
items,Faith
Animation,Grounding
ActiveAnimationObj,WarmthGroundingHim
ActiveBG,WarmthBG
InactiveBG,SuitablyBG
ActiveColor,WarmthBelow
InactiveColor,SuitablyBelow
ActiveTab,WarmthAla
active,Pellet
activeTabName,PelletAlaTale
Panels,Ramble
tabPanels,OwePanels
open,Eddy
Callback,Pretense
openCallback,EddyPretense
mask,Love
mypageview,Aggressive
rect,Inch
pos,Fad
posList,FadHard
Drag,Neat
isDrag,ByNeat
stop,Vase
Move,Much
stopMove,VaseMuch
Horizontal,Inaugurate
targetHorizontal,OrnateInaugurate
startDragHorizontal,HonorNeatInaugurate
smooting,Embolism
sensitivity,Sociologist
On,So
Page,Zone
OnPageChange,OnZoneFacial
currentPageIndex,HexagonZoneFresh
itemCell,NextLast
scroll,Invent
Rect,Rift
scrollRect,InventRift
content,Juniper
totalWidth,RomanUtter
totalHeight,RomanUseful
visible,Knuckle
visibleCount,KnuckleCreep
Clac,Neck
isClac,ByNeck
startIndex,HonorFresh
last,Hale
lastIndex,HaleFresh
itemHeight,NextUseful
itemList,NextHard
visibleList,KnuckleHard
all,DNA
allList,DNAHard
IsVibra,NoTitle
IsMusic,NoRealm
IsSound,NoOrgan
Enable,Cosmic
EnableMiddle,CosmicCement
Surpass,Natural
SurpassLine,NaturalWife
Volmue,Cavity
EffectVolmue,HandleCavity
Frames,Lonely
Ignore,Breeze
IgnoreTimeScale,BreezeShowAlloy
Loop,Four
currentCount,HexagonCreep
_currentCount,_HexagonCreep
currentRevenue,HexagonVibrant
_currentRevenue,_HexagonVibrant
lastPlayTimeCounter,HaleBodeShowBooklet
counter,Fanwise
counter101,Fanwise101
counter102,Fanwise102
counter103,Fanwise103
pause,Sweet
pauseTimeInterstitial,SweetShowImprisonment
Package,Secrecy
PackageName,SecrecyTale
Request,Darling
RequestId,DarlingNo
Headers,Benefit
OnSuccess,SoNouveau
OnFail,SoSilk
Retry,Raven
RetryCount,RavenCreep
Timeout,Disdain
Running,Rigidly
IsRunning,NoRigidly
Web,Fun
WebRequest,FunDarling
Raw,Car
RawData,CarVole
GetNetWorkGetListCount,RimFluOntoRimHardCreep
GetNetWorkPostListCount,RimFluOntoMillHardCreep
Prefab,Outcry
TabButton,AlaCorpse
DataCount,VoleCreep
LineHeight,WifeUseful
Listener,Shoshone
AddListener,KeyShoshone
Remove,Hamper
RemoveListener,HamperShoshone
Broadcast,Dimension
Listeners,Yardstick
ClearAllListeners,GuardLopYardstick
Register,Hatchery
Event,Xenon
RegisterEvent,HatcheryXenon
Unregister,Industrial
UnregisterEvent,IndustrialXenon
Anonymous,Lethargic
Method,Norway
IsAnonymousMethod,NoLethargicNorway
GetListenerCount,RimShoshoneCreep
HasListener,DieShoshone
BottlesFinishAni,ElusiveBranchBus
LevelFinishAni,ValidBranchBus
Bottle,Joiner
BottleUpAni,JoinerMeBus
BottleDownAni,JoinerLeapBus
Preparing,Obviously
Pour,Sear
PreparingPourWaterAni,ObviouslyPourLowerBus
In,Ox
PourWaterAniInProgress,SearLowerBusInSpecimen
Over,Load
PourWaterAniOver,SearLowerBusOver
The,DNA
Other,Awake
Bottlefor,Quotation
TheOtherBottleforPourWater,TheAwakeQuotationSearLower
Set,Yam
Mat,Ore
SetMat,YamOre
ClearObstacleColor,GuardSquirrelBelow
HandAni,DuckBus
Chang,Habit
ChangAni,HabitBus
UnLockShopAni,ToErieBandBus
LoadingAni,HectareBus
ClickData,PaperVole
ReClickInit,OxPaperJade
AnimationStatus,GroundingAbrupt
ClearDaoshuiVolume,GuardSlanderAttire
FinishDaoshuiStatus,BranchSlanderAbrupt
Beidaoshui,Emigration
FinishBeidaoshuiStatus,BranchEmigrationAbrupt
UnFinishStatus,ToBranchAbrupt
Alpha,Cover
SettingImageAlpha,HabitatTwiceCover
SettingTopImage,HabitatNetTwice
RefreshColor,ReelectBelow
RollBackAdd,ForeHuntKey
RollBackSubtract,ForeHuntSilurian
DaoshuiTopColor,SlanderNetBelow
CreateVaseReward,StitchDarnModule
UseRemind,RimInfect
Invoke,Nephew
InvokeRollBack,NephewForeHunt
MessageGuideData,BlanketOfferVole
InvokeGuideAction,NephewOfferFiring
ClearObstacle,GuardSquirrel
BuyColorGroup,LipBelowBench
ChangeTog,FacialHit
InvokeShopGuide,NephewBandOffer
PopShow,HemWrap
Hide,Palm
PopHide,HemPalm
ChangeNumber,FacialStress
ChangeIconNumber,FacialPullStress
Best,Veil
GoldMoveBest,CareMuchVeil
FinishGoldMoveBest,BranchCareMuchVeil
HorizontalScroll,InauguratePrison
Collect,Extreme
CollectAni,ExtremeBus
CollectTurnAni,ExtremePlowBus
Print,Inner
Merge,Beast
get,Wed
getCameraWidth,WedRotaryUtter
getCameraHeight,WedRotaryUseful
World,Nurse
Point,Heavy
getWorldPoint,WedNurseHeavy
Nearest,Publish
GetNearestGameObject,RimPublishBoneCompel
PointToAngle,HeavyOrBadge
Angle180To360,Badge180Or360
Unity,Flank
Direction,Siliceous
GetUnityDirection,RimFlankSiliceous
Texture,Briefly
True,Joke
Size,Look
getTextureTrueSize,WedBrieflyJokeLook
getSpriteSize,WedCobaltLook
Touch,Groan
getTouchPosition,WedGroanAppetite
getWeightIndex,WedSpiralFresh
Random,Tariff
GetRandomSequence,RimTariffMedicine
Dictionary,Individual
StringToDictionary,SyntaxOrIndividual
DictionaryToString,IndividualOrSyntax
Day,Oil
Diff,Mite
DayDateDiff,OilCureMite
Sec,Row
SecDateDiff,RowCureMite
DateDiff,CureMite
At,By
GetPosAtText,RimLegAtCart
Distance,Enormous
By,We
DistanceByArea,EnormousWeGrow
Encrypt,Process
EncryptDES,ProcessDES
Decrypt,Someday
DecryptDES,SomedayDES
Notification,Tribespeople
Permission,Minimalist
RequestNotificationPermission,DarlingTribespeopleMinimalist
Initialize,Polynesian
Notifications,Meteorologist
InitializeNotifications,PolynesianMeteorologist
ClearNotification,GuardTribespeople
CreateNotificationChannel,StitchTribespeopleSubsidy
Send,Moat
Immediate,Riverbank
SendImmediateNotification,MoatRiverbankTribespeople
Schedule,Offshore
ScheduleNotification,OffshoreTribespeople
OpenIEFly,FactIESpy
Bubble,Agency
OpenFlyBubble,FactSpyAgency
DeleteFlyItem,CodifySpyGood
CreateFlyItem,StitchSpyGood
InitGameData,JadeBoneVole
getGold,WedCare
addGold,RibCare
getToken,WedHyper
addToken,RibHyper
GetCash,RimWoad
AddCash,KeyWoad
getAmazon,WedHeight
addAmazon,RibHeight
DaoshuiMethod,SlanderNorway
RollBackClick,ForeHuntPaper
RollBackNum,ForeHuntTie
Finishi,Company
FinishiRollBack,CompanyForeHunt
Shuibei,Tiffany
DownShuibei,LeapTiffany
UsePropInit,RimOralJade
ActionFirstObj,FiringTrulyHim
ActionFirstIndex,FiringTrulyFresh
LocalPoint,EnjoyHeavy
Screen,Stifle
ScreenPoint,StifleHeavy
LocalPoint2ScreenPoint,EnjoyHeavy2StifleHeavy
ScreenPoint2LocalPoint,StifleHeavy2EnjoyHeavy
Load,Pike
LoadLanguageConfig,PikeDesignerRamble
GetLanguageData,RimDesignerVole
LoadSkinConfig,PikeTossRamble
LoadCurSkin,PikeSadToss
GetSkinData,RimTossVole
PourWaterAni,SearLowerBus
SettingVibra,HabitatTitle
SettingSound,HabitatOrgan
Stop,Tine
SettingStopSound,HabitatTineOrgan
Coefficient,Translation
ScreenCoefficient,StifleTranslation
RandomNum,TariffTie
SetLayoutHorizontal,YamUnfoldInaugurate
Vertical,Eurasian
SetLayoutVertical,YamUnfoldEurasian
Cells,Solid
Along,Xenon
Axis,Ride
SetCellsAlongAxis,YamSolidAlongRide
game,Seal
gameInit,SealJade
Creat,Ledge
Under,Bland
CreatUnderLine,LedgeBlandWife
ChangeClose,FacialBoard
ChangeFree,FacialHusk
BuyPopup,LipSully
ShowInfo,WrapHeal
Events,Ornate
InitializeEvents,PolynesianEvents
OpenFree,FactHusk
InitShowList,JadeWrapHard
ShowFinishPanel,WrapBranchTowel
UpdateSpine,CanadaPanic
Advertising,Resemblance
PlayAdvertising,BodeResemblance
NoAdvertising,AxResemblance
play,Pine
playSlot,PineWarp
getSlotMultiIndex,WedWarpMouthFresh
isNewUser,ByMapTent
FlyCoin,SpyGene
ChangePopupNumber,FacialSullyStress
CloseWangzhuanMask,BoardEncounterFire
AfreshStart,AppearCross
PingziNumber,ClauseStress
PingziColorStack,ClauseBelowPique
ChangeAddVase,FacialKeyDarn
ChangeAddRemind,FacialKeyInfect
ChangeAddRollBack,FacialKeyForeHunt
ChangeUseVase,FacialRimDarn
FailRefreshVase,SilkReelectDarn
ChangeUseRemind,FacialRimInfect
ChangeUseRollBack,FacialRimForeHunt
PropCell,OralLast
TestFinish,RoleBranch
TestFail,RoleSilk
Trst,Gull
TrstTurn,GullPlow
TestChangeLevel,RoleFacialValid
Restart,Elegant
ChangeRestart,FacialElegant
ChangeAfreshStart,FacialAppearCross
OpenShop,FactBand
OpenSetting,FactHabitat
MessageRemind,BlanketInfect
ActionGuide,FiringOffer
ValidFlyCoin,VenomSpyGene
FinishFlyCoin,BranchSpyGene
OpenEffect,FactHandle
ChangeYes,FacialAgo
ClickGet,PaperRim
ChangeGet,FacialRim
ShowAni,WrapBus
Transition,Inflexibly
Scene,Leafy
TransitionScene,InflexiblyLeafy
light,Messy
lightStart,MessyCross
closePanel,SwingTowel
Yse,Cab
ChangeYse,FacialCab
ChangeNo,FacialAx
ChangeMusic,FacialRealm
ChangeSound,FacialOrgan
ChangeVibra,FacialTitle
ChangeLanguage,FacialDesigner
ChangeShop,FacialBand
ChangeHome,FacialBuck
ChangeRate,FacialLoad
ChangePrivacy,FacialPrinter
ChangeExit,FacialFist
ChangeUnSub,FacialToGel
SettingDebug,HabitatRoost
ChangeColor,FacialBelow
ShopGuide,BandOffer
ChangeTube,FacialClue
ChangeBuySkinCoin,FacialLipTossGene
ShopCell,BandLast
init,Pane
initMulti,PaneMouth
slot,Weak
initWheel,PaneArrow
pointerAnimation,FertileGrounding
playWinAnimation,PineAllGrounding
pop,Aid
popGetRewardPanel,AidRimModuleTowel
InitAudioSourceQueue,JadeFilmyEyelidModus
For,Lip
Audo,Bull
AddAudioSourceForAudoMgr,KeyFilmyEyelidForBullWar
GetAudioComponent,RimFilmyDemocracy
UnUseAudioComponent,ToRimFilmyDemocracy
set,Ill
Bgm,Few
One,Lag
setBgmCloseOneTime,IllFewBoardLagShow
Replace,Exploit
setBgmReplaceOneTime,IllFewExploitLagShow
CheckUnUseAudioComponent,CreepToRimFilmyDemocracy
SetAllEffectVolume,YamLopHandleAttire
PlayBgBase,BodeItRoar
PlayEffectBase,BodeHandleRoar
PlayBg,BodeIt
PlayEffect,BodeHandle
getVolume,WedAttire
SetBool,YamHeed
GetBool,RimHeed
SetString,YamSyntax
GetString,RimSyntax
SetFloat,YamHinge
GetFloat,RimHinge
SetInt,YamDot
GetInt,RimDot
SetIntArray,YamDotMaser
GetIntArray,RimDotMaser
SetFloatArray,YamHingeMaser
GetFloatArray,RimHingeMaser
SetStringArray,YamSyntaxMaser
GetStringArray,RimSyntaxMaser
Vector,Revive
SetVector,YamRevive
SetVector2,YamRevive2
GetVector,RimRevive
GetVector2,RimRevive2
SetVector3,YamRevive3
GetVector3,RimRevive3
Quaternion,Reflective
SetQuaternion,YamReflective
GetQuaternion,RimReflective
SetDouble,YamTwelve
GetDouble,RimTwelve
Do,He
DoUpdate,DoCanada
Anchor,Atomic
SetAnchor,YamAtomic
Pivot,Scene
SetPivot,YamScene
layout,Employ
layoutAction,EmployFiring
AdjustInit,CommonJade
SaveAdjustAdid,TownCommonFlat
GetAdjustAdid,RimCommonFlat
GetAdjustStatus,RimCommonAbrupt
InitAdjustData,JadeCommonVole
AddActCount,KeyLeoCreep
AddAdCount,KeyMeCreep
LoadAdjustOnAct,PikeCommonSoLeo
ResetActCount,WasteLeoCreep
GetAdjustTime,RimCommonShow
setAdjustAdid,IllCommonFlat
Ads,Job
InitializeRewardedAds,PolynesianSaturateJob
LoadRewardedAd,PikeSaturateMe
LoadInterstitial,PikeImprisonment
playRewardVideo,PineModuleProwl
playInterstitialAd,PineImprisonmentMe
playInterstitial,PineImprisonment
Repeat,Marvel
RepeatMethod,MarvelNorway
NoThanksAddCount,AxFreelyKeyCreep
PauseTimeInterstitial,PanelShowImprisonment
ResumeTimeInterstitial,NarrowShowImprisonment
UpdateTrialNum,CanadaTaintTie
RegisterPlayCallback,HatcheryBodePretense
After,Sloth
AfterAdPlaySuccess,SlothMeBodeNouveau
GetTotalAdNum,RimSplitMeTie
Pin,Cod
Market,Absent
OpenAPPinMarket,FactAPCodAbsent
Country,Precede
getCountry,WedPrecede
GetConfigData,RimRambleVole
Loaction,Unbroken
GetLoactionData,RimUnbrokenVole
SetConfigData,YamRambleVole
GameReady,BoneTough
SendAdjustAdid,MoatCommonFlat
GetUserInfo,RimTentHeal
ReGetUserInfo,OxRimTentHeal
auto,Home
autoMessage,HomeBlanket
Para,Date
SendNoParaEvent,MoatAxDateXenon
send,Wood
sendGameProgress,WoodBoneSpecimen
SendEvent,MoatXenon
SendPost,MoatMill
end,Rag
endRequest,RagDarling
Http,Deco
HttpGet,DecoRim
HttpPost,DecoMill
HttpPostJson,DecoMillDeep
Process,Embrace
ProcessRequest,EmbraceDarling
CreateWebRequest,StitchFunDarling
Cleanup,Zoology
CleanupRequest,ZoologyDarling
Cancel,Hungry
CancelRequest,HungryDarling
Requests,Organize
CancelAllRequests,HungryLopOrganize
SetTargetImage,YamReasonTwice
ShowGuide,WrapOffer
ShowHand,WrapDuck
WorldToCanvasPos,NurseOrPillowLeg
HandAnimation,DuckGrounding
Recycle,Yucatan
RecycleAll,YucatanLop
Destroy,Martian
CreateObjectPool,StitchCompelWren
GetGameObject,RimBoneCompel
RecycleGameObject,YucatanBoneCompel
Query,Forte
QueryPool,ForteWren
GetInstance,RimIndicate
autoCloseToast,HomeBoardTruth
ShowToast,WrapTruth
setContentLayout,IllMigrantUnfold
Apple,Squat
IsApple,NoSquat
Online,Torpor
CheckOnlineData,CreepTorporVole
GetDistance,RimEnormous
Android,Sleeper
AndroidBlockCheck,SleeperStiltCreep
Editor,Warren
IsEditor,NoWarren
Portrait,Offshoot
IsPortrait,NoOffshoot
Of,My
GetWorldPositionOfRectTransform,RimNurseAppetiteMyRiftIntensely
GetTimestamp,RimViewpoint
Format,Engulf
DateTimeFormat,CureShowEngulf
Seconds,Turbine
SecondsToDateTime,TurbineOrCureShow
SecondsFormat,TurbineEngulf
SecondsFormat2,TurbineEngulf2
DoubleToStr,TwelveOrFan
GetWeightRandom,RimSpiralTariff
GetWeightRandomIndex,RimSpiralTariffFresh
Chance,Cowboy
InChance,OxCowboy
Shuffle,Harshly
ShuffleArray,HarshlyMaser
Enum,Star
ToEnum,OrStar
Render,Partly
InitEndTime,JadeFlyShow
RefreshClock,ReelectVirus
ShowCounterText,WrapBookletCart
ShowPauseTimeInterstitial,WrapPanelShowImprisonment
GetMessage,RimBlanket
SetList,YamHard
GetList,RimHard
GetAppSettingMaxNumber,RimBusHabitatWitStress
And,Sea
Analysis,Periodic
InitAndAnalysisJson,JadeSeaPeriodicDeep
Msg,Bid
AddMsgListener,KeyBidShoshone
RemoveMsgListener,HamperBidShoshone
ClearAllMsgListener,GuardLopBidShoshone
SendMessage,MoatBlanket
Resource,Satirist
LoadResource,PikeSatirist
Asset,Rainy
LoadAsset,PikeRainy
SetMaskWindow,YamFireInfect
HideMaskWindow,PalmFireInfect
CancelMaskWindow,HungryFireInfect
Find,Vein
Child,Issue
FindTheChildNode,VeinDNAIssueMoss
GetTheChildNodeComponentScripts,RimDNAIssueMossDemocracyReplant
AddChildNodeComponent,KeyIssueMossDemocracy
AddChildNodeToParentNode,KeyIssueMossOrLegacyMoss
ShowText,WrapCart
InitLauguageCache,JadeBrewsterRatio
FindChildAddComponent,VeinIssueKeyDemocracy
Freeze,Carbon
Rigister,Opponent
RigisterButtonObjectEvent,OpponentCorpseCompelXenon
OpenUIForm,FactUIFend
CloseUIForm,BoardUIFend
Receive,Invader
ReceiveMessage,InvaderBlanket
AddPanel,KeyTowel
SubPanel,GelTowel
InitRootCanvasLoading,JadeEnvyPillowHectare
ShowUIForms,WrapUILight
Return,Column
CloseOrReturnUIForms,BoardSoColumnUILight
ClearAllUI,GuardLopUI
Next,Pore
ShowNextPopUp,WrapPoreHemMe
ClearWaitUIForms,GuardSaltUILight
Catch,Wagon
LoadFormsToALLUIFormsCatch,PikeLightOrALLUILightWagon
LoadUIForm,PikeUIFend
EnterUIFormsCache,AvailUILightRatio
ExitUIFormsCache,FistUILightRatio
Formst,Thirst
EnterUIFormstToCacheHideOther,AvailUIThirstOrRatioPalmAwake
EnterUIFormsCacheWaitClose,AvailUILightRatioSaltBoard
ExitUIFormsFromCacheAndShowOther,FistUILightLiftRatioSeaWrapAwake
Push,Mess
PushUIForms,MessUILight
PopUIForms,HemUILight
InitUIFormsPathsData,JadeUILightTrunkVole
InitCamera,JadeRotary
ClearStackArray,GuardPiqueMaser
GetCurrentFormStack,RimDefenseFendPique
GetPanelByName,RimTowelWeTale
Opening,Writing
GetOpeningPanels,RimWritingRamble
RefreshLayout,ReelectUnfold
Apply,Dusty
ApplySafeArea,ApplyHornGrow
RefreshProgress,ReelectSpecimen
OpenTab,FactAla
ActiveBgAnimation,WarmthItGrounding
RegisterCallback,HatcheryPretense
SetActiveUI,YamWarmthUI
pagechange,Laboratory
SetPageIndex,YamZoneFresh
SetData,YamVole
UpdateItem,CanadaGood
PopItem,HemGood
PushItem,MessGood
AddItem,KeyGood
MessageManager,BlanketBenefit
AnimationGroup,GroundingBench
Handler,Snippet
ButtonHandler,CorpseHandler
PingziCell,ClauseLast
RewardCell,ModuleLast
ShopColorCell,BandBelowLast
Controller,Spacecraft
AnimationController,GroundingSpacecraft
CustomPrint,OliverInner
Dictionaries,Inconclusive
MergeDictionaries,BeastInconclusive
System,Detail
GetSystemData,RimSystemVole
NotificationManager,TribespeopleBenefit
FlyManager,SpyBenefit
GameDataManager,BoneVoleBenefit
GameManager,BoneBenefit
RewardPanelData,ModuleTowelVole
Grid,Horn
Ex,At
GridLayoutGroupEx,GridUnfoldBenchEx
MainManager,FlaxBenefit
TextUnderLine,CartBlandWife
AddPropPopup,KeyOralSully
BlockPanel,StiltTowel
Dont,Deem
DontShopPopup,DeemBandSully
FailPanel,SilkTowel
FinishPanel,BranchTowel
GamePanel,BoneTowel
HomePanel,BuckTowel
LoadPanel,PikeTowel
Logout,Monoid
LogoutPanel,MonoidTowel
Lucky,Lunar
LuckySkipPanel,LunarDireTowel
MaskPanel,FireTowel
RateUsPanel,LoadAtTowel
RestartPanel,ElegantTowel
SettingPanel,HabitatTowel
ShopPanel,BandTowel
SlotGroup,WarpBench
Trun,Lure
TrunTablePanel,TrunHotelTowel
AudioSourceQueue,FilmyEyelidModus
MusicMgr,RealmWar
Resources,Nonnative
MusicResourcesMgr,RealmNonnativeWar
MusicType,RealmCare
Common,Verbal
CommonConfig,VerbalRamble
SaveDataManager,TownVoleBenefit
Animator,Flagpole
FrameAnimator,ComicFlagpole
Archor,System
Tool,Twig
ArchorTool,SystemTwig
Auto,Need
AutoLayout,AutoUnfold
AdjustInitManager,CommonJadeBenefit
ADManager,ADBenefit
CustomData,OliverVole
Ad_CustomData,Me_OliverVole
RateUsManager,LoadAtBenefit
Logic,Dodge
MessageCenterLogic,BlanketUnloadLogic
MessageData,BlanketVole
CConfig,CRamble
NetInfoMgr,FluHealWar
Script,Sister
PostEventScript,MillXenonSister
NetWorkGetObject,FluOntoRimCompel
NetWorkManager,FluOntoBenefit
Task,Afar
RequestTask,DarlingTask
NetWorkPostObject,FluOntoMillCompel
Guidance,Analysis
GuidanceEventPenetrate,AnalysisXenonSurrender
NewUserGuidePanel,MapTentOfferTowel
RectGuideMask,RiftOfferFire
ObjectPool,CompelWren
ObjectPoolManager,CompelWrenBenefit
Mono,Deed
Singleton,Dimension
MonoSingleton,DeedSingleton
ToastManager,TruthBenefit
ScrollViewContentLayout,PrisonFuseMigrantUnfold
Util,Rend
CommonUtil,VerbalRend
DateUtil,CureRend
NumberUtil,StressRend
RandomUtil,TariffRend
StringUtil,SyntaxRend
RewardItemUI,ModuleGoodUI
TimeUI,ShowUI
AdjustTestPanel,CommonRoleTowel
AdManagerTestPanel,MeBenefitRoleTowel
Error,Buddy
ErrorCodeMessage,BuddyLuceBlanket
BaseStartGame,RoarCrossBone
BaseEndGame,RoarFlyBone
BaseGetProp,RoarRimOral
BaseUseProp,RoarRimOral
BaseGetCoin,RoarRimGene
BaseUseCoin,RoarRimGene
MessageCode,BlanketLuce
DataManager,VoleBenefit
JsonName,DeepTale
Constant,Response
ConstantName,ConstantTale
LevelGuideInfo,ValidOfferHeal
LevelGuideData,ValidOfferVole
GameConfigData,BoneRambleVole
ColorConfigData,BelowRambleVole
configData,SewageVole
ConfigManagerByJson,RambleBenefitWeDeep
KeyValuesInfo,FitHumbleHeal
KeyValuesNode,FitHumbleMoss
Sys,Oft
Define,Iodine
SysDefine,OftIodine
Trigger,Initial
EventTriggerListener,XenonInitialShoshone
MessageCenter,BlanketUnload
KeyValuesUpdate,FitHumbleCanada
Anlysis,Rigidly
Exception,Treatment
JsonAnlysisException,DeepAnlysisTreatment
ResourcesMgr,NonnativeWar
UIMaskMgr,UIFireWar
Helper,Tavern
UnityHelper,FlankTavern
LauguageMgr,BrewsterWar
BaseUIForms,RoarUILight
UIManager,UIBenefit
UIFormParams,UIFendTriple
UIType,UICare
AutoLayoutVertical,NeedUnfoldEurasian
Adapter,Outcrop
SafeAreaAdapter,HornGrowOutcrop
ProgressUI,SpecimenUI
TabItem,AlaGood
TabController,AlaSpacecraft
TabItemController,AlaGoodSpacecraft
Control,Silence
MaskControl,FireSilence
PageView,ZoneFuse
ScrollView,PrisonFuse

